"","OSC_numbering","resname","x","y","z","smutation","cmutation"
"1","66","ALA",82.4174,49.3876,-0.9592,TRUE,TRUE
"2","163","TYR",90.3314166666667,33.7366666666667,51.0835,FALSE,TRUE
"3","164","ILE",86.63225,36.66975,48.854125,TRUE,TRUE
"4","165","GLY",82.94525,35.54775,51.609,FALSE,TRUE
"5","166","MET",80.855375,34.072625,48.7595,FALSE,TRUE
"6","167","SER",78.3478333333333,31.5315,51.613,FALSE,TRUE
"7","168","ARG",78.0806363636364,25.6,51.7392727272727,FALSE,TRUE
"8","169","ASP",74.5285,29.210875,51.584625,FALSE,TRUE
"9","170","GLU",75.6055555555556,32.8273333333333,48.4608888888889,FALSE,TRUE
"10","171","GLU",71.9237777777778,30.9184444444444,44.0243333333333,FALSE,FALSE
"11","172","PRO",76.4011428571429,31.6058571428571,43.0748571428571,FALSE,TRUE
"12","67","TYR",86.2991666666667,47.9366666666667,-0.71675,TRUE,TRUE
"13","173","MET",78.836125,29.159125,45.811375,FALSE,TRUE
"14","174","GLN",74.5593333333333,25.7414444444444,46.094,TRUE,TRUE
"15","175","LYS",74.1853333333333,27.1582222222222,40.6165555555556,FALSE,TRUE
"16","176","ALA",78.8468,25.19,41.5098,FALSE,FALSE
"17","177","LEU",78.90675,22.617625,45.087875,FALSE,FALSE
"18","178","ARG",74.3145454545455,21.7162727272727,42.016,TRUE,TRUE
"19","179","PHE",79.7367272727273,20.9165454545455,37.5747272727273,FALSE,TRUE
"20","180","ILE",82.064,20.469,41.652875,FALSE,TRUE
"21","181","GLN",79.1868888888889,17.3618888888889,44.2587777777778,FALSE,TRUE
"22","182","SER",78.5818333333333,15.8591666666667,39.1483333333333,TRUE,TRUE
"23","71","ALA",86.3564,51.9106,1.1596,TRUE,TRUE
"24","183","GLN",81.7503333333333,15.9982222222222,37.1696666666667,FALSE,TRUE
"25","184","GLY",83.846,13.77,41.3535,FALSE,FALSE
"26","185","GLY",85.216,16.0265,42.55075,FALSE,FALSE
"27","186","ILE",89.088875,17.2925,44.316625,FALSE,TRUE
"28","187","GLU",89.9126666666667,13.2255555555556,43.8293333333333,FALSE,TRUE
"29","188","SER",88.2675,14.6756666666667,38.919,TRUE,TRUE
"30","189","SER",91.1071666666667,17.6075,39.397,FALSE,FALSE
"31","190","ARG",94.3217272727273,21.0615454545455,36.9233636363636,FALSE,TRUE
"32","191","VAL",97.8481428571428,17.9225714285714,39.1042857142857,FALSE,TRUE
"33","192","PHE",98.8412727272727,22.3654545454545,37.9079090909091,FALSE,TRUE
"34","75","ARG",82.353,53.839,4.91790909090909,FALSE,TRUE
"35","193","THR",93.6855714285714,22.1692857142857,40.9164285714286,TRUE,TRUE
"36","194","ARG",95.0699090909091,17.3850909090909,42.3408181818182,FALSE,TRUE
"37","195","MET",99.407,21.99625,43.55475,TRUE,TRUE
"38","196","TRP",97.7327142857143,26.8040714285714,43.3626428571429,FALSE,FALSE
"39","197","LEU",93.6725,22.922875,46.821375,FALSE,FALSE
"40","198","ALA",97.7206,21.5112,48.739,FALSE,FALSE
"41","199","LEU",99.996,24.952875,48.428875,FALSE,TRUE
"42","200","VAL",95.8,25.9332857142857,51.0727142857143,FALSE,TRUE
"43","201","GLY",95.45625,22.521,52.95575,FALSE,FALSE
"44","202","GLU",92.0164444444444,21.8764444444444,51.8192222222222,TRUE,TRUE
"45","76","THR",85.1637142857143,49.5804285714286,5.62785714285714,FALSE,FALSE
"46","203","TYR",94.71175,16.7725,47.8416666666667,FALSE,FALSE
"47","204","PRO",96.5488571428571,15.1517142857143,50.2612857142857,TRUE,FALSE
"48","205","TRP",101.708214285714,18.5223571428571,48.9265714285714,FALSE,FALSE
"49","206","GLU",100.626555555556,12.5395555555556,50.3497777777778,FALSE,TRUE
"50","207","LYS",96.6113333333333,11.8934444444444,46.74,FALSE,FALSE
"51","208","VAL",100.474142857143,15.3504285714286,44.4404285714286,FALSE,TRUE
"52","209","PRO",102.227428571429,14.2628571428571,41.403,TRUE,FALSE
"53","210","MET",107.152375,14.389375,43.562,TRUE,TRUE
"54","211","VAL",108.765428571429,17.2248571428571,40.8278571428571,TRUE,TRUE
"55","212","PRO",112.278571428571,15.8121428571429,41.8535714285714,FALSE,FALSE
"56","77","LEU",89.716625,50.172,4.642375,FALSE,TRUE
"57","213","PRO",114.952428571429,18.6691428571429,43.2607142857143,FALSE,TRUE
"58","214","GLU",117.076555555556,15.6186666666667,42.6973333333333,FALSE,FALSE
"59","215","ILE",115.19775,17.1485,37.400875,FALSE,TRUE
"60","216","MET",118.31325,20.550625,38.117625,TRUE,TRUE
"61","217","PHE",121.652363636364,16.911,39.7145454545455,FALSE,TRUE
"62","218","LEU",119.2265,15.16225,34.55425,FALSE,FALSE
"63","219","GLY",121.81475,16.088,31.17025,FALSE,TRUE
"64","220","LYS",122.792111111111,19.1897777777778,27.9708888888889,FALSE,TRUE
"65","221","ARG",123.725636363636,14.2456363636364,27.0496363636364,FALSE,FALSE
"66","222","MET",120.739875,12.49325,30.340125,FALSE,FALSE
"67","78","ASP",88.969375,54.666,5.345625,FALSE,TRUE
"68","223","PRO",117.116714285714,11.1361428571429,29.7824285714286,FALSE,FALSE
"69","224","LEU",113.405375,13.466875,31.75575,FALSE,TRUE
"70","225","ASN",116.86125,17.13075,30.246125,FALSE,TRUE
"71","","ILE",115.30975,21.00675,32.04925,FALSE,FALSE
"72","","TYR",117.457666666667,22.5435833333333,28.9001666666667,FALSE,TRUE
"73","","GLU",113.906333333333,16.7468888888889,26.7324444444444,FALSE,TRUE
"74","","PHE",110.659909090909,19.5538181818182,29.5719090909091,FALSE,TRUE
"75","","GLY",109.15925,23.478,27.053,FALSE,TRUE
"76","229","SER",109.679833333333,27.0208333333333,27.3838333333333,TRUE,FALSE
"77","230","TRP",105.613571428571,25.8519285714286,27.2517142857143,FALSE,TRUE
"78","79","ARG",84.5241818181818,54.2,9.39390909090909,FALSE,FALSE
"79","233","ALA",107.3624,23.6978,31.2018,TRUE,TRUE
"80","234","ARG",112.370272727273,24.6688181818182,30.1798181818182,FALSE,FALSE
"81","235","ALA",110.2088,26.9678,34.4428,FALSE,TRUE
"82","236","THR",106.929,25.3662857142857,35.6778571428571,TRUE,TRUE
"83","237","VAL",109.615,21.968,36.3467142857143,FALSE,TRUE
"84","238","VAL",112.675142857143,24.4805714285714,38.0261428571429,TRUE,TRUE
"85","239","ALA",109.8476,25.9928,40.4246,FALSE,FALSE
"86","240","LEU",106.906125,23.123125,40.956,TRUE,TRUE
"87","241","SER",111.301,21.3548333333333,42.3706666666667,TRUE,TRUE
"88","242","ILE",111.940125,24.418625,44.970875,TRUE,TRUE
"89","80","ALA",89.6316,50.697,10.067,FALSE,FALSE
"90","243","VAL",107.530571428571,23.818,45.9968571428571,FALSE,TRUE
"91","244","MET",106.927,19.49125,45.08125,TRUE,TRUE
"92","245","SER",111.286333333333,19.7405,48.2321666666667,FALSE,TRUE
"93","246","ARG",111.195818181818,22.501,51.4115454545455,FALSE,FALSE
"94","247","GLN",105.481222222222,18.6902222222222,50.9531111111111,FALSE,TRUE
"95","251","PRO",104.401,23.6667142857143,51.591,FALSE,FALSE
"96","252","VAL",100.848,24.098,54.4747142857143,FALSE,TRUE
"97","","PHE",100.892181818182,28.2951818181818,53.1675454545455,FALSE,TRUE
"98","","PRO",96.7134285714286,27.1664285714286,56.5617142857143,FALSE,FALSE
"99","253","LEU",92.536,28.246125,54.297875,TRUE,TRUE
"100","81","VAL",92.7714285714286,52.7992857142857,9.24257142857143,TRUE,TRUE
"101","254","PRO",90.6948571428571,30.5321428571429,56.9797142857143,FALSE,FALSE
"102","","GLU",88.247,27.5996666666667,60.7531111111111,TRUE,FALSE
"103","","ARG",85.3716363636364,31.9208181818182,55.9397272727273,TRUE,TRUE
"104","","ALA",87.616,29.0456,53.7224,FALSE,FALSE
"105","","ARG",88.7923636363636,24.8812727272727,55.8646363636364,FALSE,FALSE
"106","256","VAL",86.5802857142857,23.5012857142857,50.7885714285714,FALSE,TRUE
"107","257","PRO",85.1345714285714,20.2268571428571,52.9501428571429,FALSE,TRUE
"108","258","GLU",82.5191111111111,21.4718888888889,50.344,FALSE,TRUE
"109","259","LEU",85.17825,20.062375,47.09875,FALSE,FALSE
"110","264","TYR",87.1453333333333,15.9155833333333,49.4636666666667,FALSE,FALSE
"111","82","GLU",89.9032222222222,56.2034444444444,11.3455555555556,TRUE,TRUE
"112","","GLU",80.5676666666667,16.2991111111111,50.2395555555556,TRUE,TRUE
"113","267","THR",81.011,12.7607142857143,45.8812857142857,FALSE,TRUE
"114","268","ASP",78.025875,9.94425,44.649125,FALSE,FALSE
"115","269","VAL",80.3955714285714,10.4567142857143,41.4474285714286,TRUE,TRUE
"116","","PRO",82.8252857142857,7.85042857142857,40.3427142857143,TRUE,FALSE
"117","","PRO",86.6627142857143,9.491,40.8188571428571,FALSE,FALSE
"118","","ARG",85.0541818181818,11.2286363636364,35.9469090909091,TRUE,TRUE
"119","","ARG",91.2401818181818,8.57427272727273,38.2837272727273,TRUE,TRUE
"120","","ARG",92.8608181818182,14.3547272727273,33.4190909090909,TRUE,TRUE
"121","270","GLY",96.13975,11.417,32.3255,TRUE,TRUE
"122","83","TYR",89.509,51.5415833333333,15.9796666666667,TRUE,TRUE
"123","271","ALA",98.8234,11.744,30.416,FALSE,FALSE
"124","","LYS",98.4876666666667,15.0638888888889,27.184,FALSE,FALSE
"125","","GLY",99.688,9.9135,26.29825,FALSE,FALSE
"126","272","GLY",99.67175,8.06075,28.493,FALSE,FALSE
"127","273","GLY",100.67175,5.7865,31.17775,FALSE,FALSE
"128","277","GLY",103.24375,4.369,32.80825,FALSE,TRUE
"129","291","TRP",104.964785714286,-0.202714285714286,35.0834285714286,FALSE,TRUE
"130","292","ILE",107.5775,2.82875,35.029625,FALSE,TRUE
"131","293","PHE",106.804090909091,7.18072727272727,34.6459090909091,FALSE,TRUE
"132","294","ASP",102.780375,4.58575,38.992125,FALSE,TRUE
"133","84","LEU",94.013,50.495625,13.993625,FALSE,FALSE
"134","295","ALA",106.2828,3.5034,40.6482,FALSE,FALSE
"135","296","LEU",109.199875,6.845375,40.082625,TRUE,FALSE
"136","297","ASP",105.3795,9.105375,42.214625,TRUE,FALSE
"137","298","ARG",103.673272727273,4.64063636363636,44.5722727272727,TRUE,FALSE
"138","299","ALA",109.3682,6.1534,45.5222,FALSE,TRUE
"139","300","LEU",109.873875,10.0105,44.55125,FALSE,FALSE
"140","301","HIS",105.6441,10.6814,47.4632,FALSE,TRUE
"141","302","GLY",109.2745,7.937,50.34825,FALSE,FALSE
"142","303","TYR",114.187666666667,10.2269166666667,48.9330833333333,FALSE,TRUE
"143","304","GLN",109.924888888889,13.545,50.5824444444444,FALSE,TRUE
"144","85","LEU",95.736125,55.104625,13.78375,FALSE,FALSE
"145","305","LYS",107.849555555556,10.2863333333333,54.1725555555556,FALSE,FALSE
"146","","LEU",113.57225,9.191125,54.10825,FALSE,FALSE
"147","","SER",115.526666666667,11.7361666666667,57.8786666666667,FALSE,FALSE
"148","","VAL",118.249,11.7891428571429,55.2321428571429,FALSE,FALSE
"149","309","HIS",116.7301,13.7729,51.8974,FALSE,TRUE
"150","310","PRO",121.510428571429,12.8082857142857,49.7382857142857,FALSE,TRUE
"151","311","PHE",124.108818181818,15.2374545454545,47.0700909090909,FALSE,FALSE
"152","312","ARG",116.671545454545,17.0235454545455,48.0866363636364,FALSE,FALSE
"153","313","ARG",121.061363636364,22.5556363636364,50.7026363636364,FALSE,TRUE
"154","314","ALA",122.1338,21.1122,45.9824,FALSE,FALSE
"155","86","SER",92.9663333333333,55.1933333333333,17.95,FALSE,TRUE
"156","315","ALA",119.3116,20.786,43.841,FALSE,FALSE
"157","316","GLU",116.911333333333,23.0228888888889,46.8262222222222,FALSE,FALSE
"158","317","ILE",120.99925,25.944625,45.40925,TRUE,TRUE
"159","318","ARG",121.970272727273,23.1985454545455,40.064,FALSE,TRUE
"160","319","ALA",116.9604,25.7352,40.9592,TRUE,FALSE
"161","320","LEU",117.454625,29.439,43.356,FALSE,TRUE
"162","321","ASP",121.01075,29.462,40.95175,TRUE,TRUE
"163","322","TRP",117.07,27.8492142857143,35.3087142857143,TRUE,FALSE
"164","323","LEU",114.837,30.550625,38.754875,FALSE,TRUE
"165","324","LEU",118.07725,33.919375,40.27225,FALSE,TRUE
"166","87","CYS",94.3558333333333,51.9881666666667,19.4501666666667,FALSE,TRUE
"167","325","GLU",120.649222222222,32.544,35.9505555555556,TRUE,TRUE
"168","326","ARG",117.339909090909,31.6583636363636,33.2343636363636,TRUE,TRUE
"169","327","GLN",114.031111111111,37.3891111111111,36.8288888888889,FALSE,TRUE
"170","330","ALA",112.564,39.0288,33.566,TRUE,FALSE
"171","331","GLY",112.654,42.56475,33.5705,TRUE,TRUE
"172","332","ASP",108.877,42.014625,33.736,TRUE,TRUE
"173","333","GLY",109.907,39.9975,36.96675,TRUE,FALSE
"174","334","SER",108.616,37.7431666666667,34.956,TRUE,FALSE
"175","335","TRP",110.535285714286,34.1862142857143,36.8017857142857,TRUE,TRUE
"176","336","GLY",108.3365,34.21275,30.652,FALSE,FALSE
"177","88","GLN",99.1991111111111,53.9158888888889,18.1643333333333,FALSE,TRUE
"178","337","GLY",105.68825,36.09125,30.62375,TRUE,TRUE
"179","338","ILE",104.23575,32.9875,31.355,TRUE,TRUE
"180","339","GLN",100.681888888889,32.427,35.4258888888889,TRUE,TRUE
"181","340","PRO",102.582142857143,29.8031428571429,35.3311428571429,TRUE,FALSE
"182","","PRO",106.256285714286,30.1921428571429,35.8797142857143,FALSE,FALSE
"183","","TRP",105.387357142857,36.1402857142857,37.4815,FALSE,TRUE
"184","","PHE",101.815636363636,33.1185454545455,40.0721818181818,FALSE,TRUE
"185","","TYR",103.985333333333,27.8081666666667,40.3310833333333,FALSE,FALSE
"186","","ALA",108.7208,31.4654,41.7706,TRUE,TRUE
"187","","LEU",106.840375,34.46225,43.701875,FALSE,TRUE
"188","89","LYS",99.5115555555555,53.3037777777778,22.7802222222222,TRUE,TRUE
"189","","ILE",105.45575,30.140875,45.95675,TRUE,TRUE
"190","341","ALA",109.8294,29.4526,46.0408,TRUE,TRUE
"191","342","LEU",111.575625,32.98425,46.405875,FALSE,TRUE
"192","343","LYS",107.685,33.066,51.2237777777778,TRUE,FALSE
"193","344","ILE",109.541375,28.37825,50.736375,TRUE,FALSE
"194","345","LEU",113.71675,29.825,50.151375,FALSE,TRUE
"195","346","ASP",113.199375,32.99675,54.1995,TRUE,FALSE
"196","348","MET",114.525125,34.868,49.223,TRUE,FALSE
"197","349","THR",110.732571428571,38.142,51.146,TRUE,FALSE
"198","351","GLN",113.827444444444,40.3893333333333,52.5521111111111,FALSE,TRUE
"199","90","ASP",101.859125,58.009125,22.683625,FALSE,FALSE
"200","352","HIS",116.3478,38.7588,46.7451,FALSE,TRUE
"201","353","PRO",116.008714285714,41.7028571428571,44.9881428571429,FALSE,FALSE
"202","","ALA",113.707,39.0922,42.7968,FALSE,FALSE
"203","358","PHE",109.669636363636,38.5107272727273,46.2596363636364,TRUE,TRUE
"204","359","ILE",110.746375,42.898125,45.5375,FALSE,TRUE
"205","360","LYS",110.980888888889,43.6682222222222,40.0197777777778,TRUE,FALSE
"206","361","GLY",108.03875,40.268,40.92425,TRUE,FALSE
"207","362","TRP",103.973785714286,41.4119285714286,44.7336428571429,FALSE,FALSE
"208","363","GLU",107.103222222222,45.5452222222222,41.7417777777778,FALSE,FALSE
"209","364","GLY",105.1995,43.37025,38.25925,TRUE,TRUE
"210","91","GLU",105.052444444444,55.137,23.4344444444444,FALSE,FALSE
"211","365","LEU",102.26725,41.012125,39.291375,FALSE,FALSE
"212","367","GLU",100.121,45.5453333333333,39.3077777777778,FALSE,FALSE
"213","","LEU",102.417875,45.452125,33.809375,FALSE,TRUE
"214","368","TYR",101.497333333333,41.0296666666667,33.184,FALSE,TRUE
"215","369","GLY",96.684,44.016,35.118,FALSE,TRUE
"216","371","VAL",93.1928571428571,44.622,33.6471428571429,TRUE,TRUE
"217","","GLU",91.1303333333333,48.0204444444444,36.5091111111111,FALSE,FALSE
"218","373","LEU",87.442125,45.433125,34.121,FALSE,FALSE
"219","","ASP",84.3035,48.704125,32.5215,TRUE,TRUE
"220","","TYR",82.9174166666667,44.7160833333333,35.1870833333333,FALSE,TRUE
"221","92","GLY",104.04525,53.22375,18.99075,FALSE,FALSE
"222","374","GLY",84.76025,46.74025,38.50525,FALSE,FALSE
"223","375","GLY",87.03,44.83375,37.59425,FALSE,FALSE
"224","376","TRP",92.5009285714286,42.5338571428571,38.6825,FALSE,TRUE
"225","378","MET",91.9035,40.682,34.079375,TRUE,FALSE
"226","379","PHE",96.9154545454546,38.2883636363636,35.7014545454545,TRUE,FALSE
"227","380","GLN",97.1678888888889,39.7965555555556,31.0366666666667,TRUE,TRUE
"228","381","ALA",98.5688,34.9134,30.9466,TRUE,FALSE
"229","382","SER",100.558833333333,36.9423333333333,28.6318333333333,TRUE,TRUE
"230","383","ILE",101.94775,40.61625,27.622375,FALSE,TRUE
"231","384","SER",100.6345,40.978,22.9785,FALSE,TRUE
"232","93","TYR",102.831583333333,50.3940833333333,22.3866666666667,TRUE,FALSE
"233","385","PRO",103.053285714286,43.8122857142857,22.9645714285714,TRUE,FALSE
"234","386","VAL",105.757285714286,42.605,20.006,TRUE,TRUE
"235","387","TRP",101.770642857143,38.5603571428571,17.3540714285714,FALSE,FALSE
"236","388","ASP",99.56925,43.33,18.955,FALSE,TRUE
"237","389","THR",103.008,46.2058571428571,16.9935714285714,FALSE,TRUE
"238","390","GLY",103.23725,43.84175,13.947,FALSE,FALSE
"239","391","LEU",100.088375,41.89975,13.138125,TRUE,TRUE
"240","392","ALA",99.3514,46.5372,12.7256,FALSE,TRUE
"241","393","VAL",102.489571428571,47.4025714285714,10.6197142857143,FALSE,TRUE
"242","394","LEU",101.716375,43.8255,8.25975,FALSE,TRUE
"243","94","TRP",99.5437857142857,49.3747857142857,17.5319285714286,FALSE,FALSE
"244","395","ALA",97.5854,45.8976,8.1694,FALSE,FALSE
"245","396","LEU",98.043,49.897875,8.691875,FALSE,FALSE
"246","397","ARG",102.260454545455,49.2066363636364,4.39563636363636,TRUE,FALSE
"247","398","ALA",97.8668,46.5792,3.2638,FALSE,FALSE
"248","399","ALA",95.6378,49.2806,3.6598,FALSE,TRUE
"249","400","GLY",97.86925,51.81,2.0085,FALSE,FALSE
"250","401","LEU",99.319375,53.54975,4.973875,TRUE,FALSE
"251","403","PRO",102.761714285714,55.0234285714286,3.467,TRUE,TRUE
"252","405","ALA",106.502,53.2984,4.5012,FALSE,FALSE
"253","406","ASP",107.07775,57.229875,4.5765,TRUE,TRUE
"254","95","TRP",99.4287857142857,46.1905,25.9289285714286,FALSE,TRUE
"255","408","HIS",102.5127,57.1621,8.2127,FALSE,TRUE
"256","409","ASP",104.21725,59.73,10.766875,TRUE,TRUE
"257","410","ARG",101.104727272727,57.356,13.9172727272727,FALSE,FALSE
"258","411","LEU",104.069625,53.215,10.472375,FALSE,TRUE
"259","412","VAL",108.188857142857,55.6738571428571,11.798,TRUE,TRUE
"260","413","LYS",106.567111111111,56.4715555555556,16.4773333333333,TRUE,TRUE
"261","414","ALA",106.6976,51.5204,15.2082,FALSE,FALSE
"262","415","GLY",109.848,50.75525,14.07675,TRUE,TRUE
"263","416","GLU",112.074555555556,53.796,15.5208888888889,TRUE,TRUE
"264","417","TRP",108.334428571429,49.3642142857143,20.3092142857143,TRUE,TRUE
"265","96","GLY",96.04475,44.091,23.6665,FALSE,FALSE
"266","418","LEU",109.666875,47.02425,16.684875,FALSE,TRUE
"267","419","LEU",114.48025,48.392625,15.9085,TRUE,FALSE
"268","420","ASP",114.642375,49.481,20.605125,TRUE,TRUE
"269","421","ARG",111.941272727273,46.498,22.0200909090909,FALSE,TRUE
"270","422","GLN",116.460777777778,43.0081111111111,18.1658888888889,FALSE,TRUE
"271","423","ILE",116.7245,39.865,21.75125,TRUE,FALSE
"272","424","THR",121.291285714286,41.212,21.5835714285714,FALSE,FALSE
"273","","VAL",121.373142857143,38.0861428571429,24.5588571428571,FALSE,FALSE
"274","428","PRO",122.361571428571,34.4908571428571,24.7671428571429,FALSE,TRUE
"275","","GLY",119.397,31.55275,25.3985,FALSE,TRUE
"276","97","PRO",94.0048571428571,42.9537142857143,26.0471428571429,FALSE,FALSE
"277","429","ASP",117.3465,28.519375,27.16675,FALSE,FALSE
"278","","TRP",118.698571428571,30.4501428571429,21.5965,FALSE,FALSE
"279","430","ALA",121.7798,28.3294,22.7936,FALSE,TRUE
"280","431","VAL",121.465142857143,24.7768571428571,24.6335714285714,FALSE,TRUE
"281","432","LYS",119.925444444444,22.6684444444444,20.9132222222222,TRUE,TRUE
"282","435","ARG",121.498090909091,25.8012727272727,17.2134545454545,FALSE,TRUE
"283","436","PRO",126.020428571429,27.376,20.4707142857143,TRUE,TRUE
"284","437","ASN",127.8625,28.73925,17.11125,TRUE,TRUE
"285","438","LEU",122.894625,31.14675,16.41975,FALSE,FALSE
"286","439","LYS",125.401555555556,34.9961111111111,16.4283333333333,TRUE,TRUE
"287","98","LEU",95.6055,37.93725,26.34125,TRUE,FALSE
"288","","PRO",121.817428571429,36.5855714285714,18.8855714285714,FALSE,FALSE
"289","440","GLY",117.8635,38.244,16.95575,FALSE,FALSE
"290","441","GLY",115.17775,38.11325,18.22975,FALSE,TRUE
"291","442","PHE",112.166636363636,40.2233636363636,17.8516363636364,FALSE,FALSE
"292","443","ALA",109.5056,38.7186,22.1182,FALSE,FALSE
"293","444","PHE",104.013090909091,37.8096363636364,22.9870909090909,FALSE,FALSE
"294","445","GLN",106.463444444444,39.3662222222222,26.1183333333333,FALSE,TRUE
"295","446","PHE",106.543636363636,45.1606363636364,26.6730909090909,FALSE,FALSE
"296","447","ASP",111.842125,42.6405,28.96625,FALSE,TRUE
"297","448","ASN",111.328,37.599625,27.5665,TRUE,TRUE
"298","","LEU",91.07375,37.402875,26.95525,FALSE,FALSE
"299","449","VAL",115.827571428571,38.4912857142857,26.9671428571429,TRUE,TRUE
"300","450","TYR",117.087916666667,35.1655,29.0080833333333,FALSE,TRUE
"301","451","TYR",112.755833333333,32.2228333333333,27.2250833333333,TRUE,TRUE
"302","452","PRO",113.066714285714,34.2652857142857,21.9355714285714,FALSE,FALSE
"303","453","ASP",108.86725,33.72125,19.432,TRUE,TRUE
"304","454","VAL",110.023285714286,32.0705714285714,15.4452857142857,FALSE,TRUE
"305","455","ASP",105.397375,33.440125,15.340875,FALSE,FALSE
"306","456","ASP",106.84225,37.269,17.55925,TRUE,FALSE
"307","457","THR",110.941,37.1154285714286,14.8965714285714,FALSE,FALSE
"308","458","ALA",108.7642,36.4802,11.5512,FALSE,FALSE
"309","99","SER",91.8866666666667,33.5951666666667,29.6151666666667,TRUE,TRUE
"310","459","VAL",105.880428571429,39.0057142857143,12.1555714285714,TRUE,TRUE
"311","460","VAL",108.921857142857,41.7578571428571,13.5762857142857,FALSE,TRUE
"312","464","VAL",111.536285714286,40.7314285714286,10.2774285714286,FALSE,TRUE
"313","465","TRP",106.022928571429,40.1638571428571,6.74714285714286,FALSE,TRUE
"314","466","ALA",107.185,44.3108,9.1898,FALSE,FALSE
"315","467","LEU",110.80975,45.939875,10.097625,FALSE,FALSE
"316","468","ASN",110.861875,44.461,4.656875,TRUE,TRUE
"317","469","THR",107.218571428571,47.0247142857143,5.04328571428571,FALSE,TRUE
"318","474","LEU",108.538125,50.01025,7.279875,FALSE,TRUE
"319","","ARG",112.407727272727,53.2448181818182,4.76518181818182,TRUE,FALSE
"320","100","ASN",90.79375,31.153,32.3595,FALSE,TRUE
"321","","LEU",112.799125,53.504625,9.07525,FALSE,FALSE
"322","","PRO",115.166857142857,57.0104285714286,9.26014285714286,FALSE,TRUE
"323","","ASP",117.993625,54.32775,11.065125,TRUE,TRUE
"324","475","GLU",119.094666666667,52.6672222222222,6.46966666666667,FALSE,FALSE
"325","476","ARG",123.048454545455,50.8771818181818,8.23327272727273,FALSE,FALSE
"326","","ARG",118.614727272727,50.3728181818182,14.2026363636364,FALSE,FALSE
"327","478","ARG",115.291,48.5662727272727,7.84690909090909,FALSE,TRUE
"328","479","ARG",120.172090909091,46.9047272727273,5.61309090909091,TRUE,TRUE
"329","480","ASP",121.7445,45.314,11.14875,FALSE,TRUE
"330","481","ALA",117.9186,43.9812,12.2124,TRUE,TRUE
"331","101","VAL",88.8168571428571,32.3237142857143,36.2247142857143,TRUE,TRUE
"332","483","MET",116.124,43.0665,8.583875,TRUE,TRUE
"333","484","THR",120.351857142857,40.6944285714286,8.72257142857143,TRUE,TRUE
"334","485","LYS",120.998666666667,40.7876666666667,13.6001111111111,TRUE,FALSE
"335","486","GLY",116.8435,37.80925,12.2715,TRUE,FALSE
"336","487","PHE",116.807454545455,36.1015454545455,7.35981818181818,FALSE,TRUE
"337","488","ARG",121.802636363636,35.6198181818182,8.98881818181818,FALSE,TRUE
"338","489","TRP",116.933642857143,33.3694285714286,15.8397142857143,TRUE,FALSE
"339","490","ILE",114.524625,32.68625,11.59375,TRUE,FALSE
"340","491","VAL",117.680142857143,30.3068571428571,9.20657142857143,FALSE,FALSE
"341","492","GLY",118.8755,28.5485,12.6915,FALSE,TRUE
"342","","THR",92.5248571428571,29.9662857142857,36.6498571428571,FALSE,TRUE
"343","493","MET",115.923625,28.163875,15.249875,TRUE,TRUE
"344","494","GLN",115.099666666667,25.0383333333333,10.0845555555556,FALSE,FALSE
"345","495","SER",113.983,21.9808333333333,12.7191666666667,FALSE,TRUE
"346","496","SER",115.309,18.3033333333333,11.4848333333333,FALSE,TRUE
"347","497","ASN",111.05375,18.473625,10.139625,FALSE,FALSE
"348","498","GLY",111.604,21.828,8.03225,FALSE,TRUE
"349","499","GLY",110.43675,23.206,10.60725,FALSE,FALSE
"350","500","TRP",111.053214285714,27.0332142857143,11.0689285714286,FALSE,TRUE
"351","501","GLY",109.0175,26.379,16.206,FALSE,FALSE
"352","502","ALA",108.5084,28.516,19.0694,TRUE,TRUE
"353","105","MET",94.9,33.139375,35.80075,FALSE,TRUE
"354","503","TYR",109.625416666667,29.5596666666667,22.3933333333333,FALSE,TRUE
"355","504","ASP",113.427875,25.289375,21.59125,TRUE,TRUE
"356","505","VAL",115.732142857143,23.3764285714286,17.847,FALSE,TRUE
"357","506","ASP",114.5455,19.527875,17.2465,TRUE,FALSE
"358","507","ASN",111.352,20.38075,21.986625,FALSE,TRUE
"359","508","THR",110.796142857143,16.3392857142857,19.259,FALSE,TRUE
"360","","SER",110.915,14.5653333333333,23.2585,FALSE,TRUE
"361","","ASP",107.66175,11.09275,23.35825,FALSE,FALSE
"362","","LEU",109.799625,10.46725,27.57775,FALSE,TRUE
"363","512","PRO",107.979714285714,14.3037142857143,28.2504285714286,FALSE,FALSE
"364","106","GLU",92.0026666666667,35.6565555555556,38.1066666666667,FALSE,TRUE
"365","513","ASN",104.2555,13.83825,26.564875,TRUE,TRUE
"366","514","HIS",104.5429,9.5357,28.3526,FALSE,TRUE
"367","515","ILE",105.250625,12.541875,33.179625,FALSE,FALSE
"368","517","PRO",102.307714285714,11.6257142857143,35.9364285714286,FALSE,FALSE
"369","521","PHE",103.163909090909,17.3719090909091,36.525,FALSE,TRUE
"370","522","CYS",102.066333333333,16.0323333333333,32.4203333333333,FALSE,TRUE
"371","","ASP",97.291125,16.468875,33.4415,FALSE,TRUE
"372","","PHE",96.9417272727273,21.6347272727273,31.4879090909091,TRUE,TRUE
"373","523","GLY",99.089,20.1745,27.90625,TRUE,TRUE
"374","524","GLU",101.342888888889,20.7127777777778,24.5783333333333,TRUE,TRUE
"375","","ALA",92.122,32.2172,41.4342,FALSE,FALSE
"376","525","VAL",105.278857142857,19.2634285714286,27.6724285714286,FALSE,TRUE
"377","526","THR",106.746142857143,19.3678571428571,23.7842857142857,TRUE,FALSE
"378","527","ASP",108.190875,23.481625,21.179125,FALSE,FALSE
"379","528","PRO",106.811571428571,20.7427142857143,18.6022857142857,TRUE,TRUE
"380","529","PRO",107.637,21.5548571428571,14.9137142857143,FALSE,TRUE
"381","530","SER",104.23,24.3605,13.7185,TRUE,TRUE
"382","531","GLU",101.600555555556,23.502,10.8135555555556,TRUE,TRUE
"383","532","ASP",101.3415,28.118375,12.442,TRUE,FALSE
"384","533","VAL",105.243714285714,29.1145714285714,12.999,TRUE,TRUE
"385","534","THR",106.413428571429,27.238,9.25842857142857,FALSE,FALSE
"386","","GLU",95.7523333333333,30.4906666666667,40.4701111111111,FALSE,TRUE
"387","535","ALA",103.879,29.8506,7.5098,TRUE,FALSE
"388","536","HIS",103.465,32.9631,10.0155,TRUE,TRUE
"389","537","VAL",108.856857142857,31.7777142857143,8.75242857142857,TRUE,TRUE
"390","538","LEU",107.847375,30.495875,4.611125,FALSE,TRUE
"391","539","GLU",104.582222222222,35.32,4.16544444444444,FALSE,FALSE
"392","540","CYS",109.289166666667,36.4646666666667,6.05983333333333,FALSE,FALSE
"393","541","PHE",112.301272727273,33.7298181818182,4.75990909090909,FALSE,FALSE
"394","542","GLY",109.2665,36.2415,0.74625,FALSE,TRUE
"395","543","SER",109.2,39.5973333333333,1.85433333333333,FALSE,TRUE
"396","544","PHE",113.174454545455,39.7608181818182,2.67609090909091,FALSE,FALSE
"397","","TYR",96.45025,37.48725,42.52275,FALSE,FALSE
"398","550","GLY",112.46625,36.98375,-2.51875,FALSE,FALSE
"399","551","TYR",115.15675,34.7163333333333,-0.354333333333333,FALSE,FALSE
"400","552","ASP",112.41575,31.211125,-4.466875,FALSE,TRUE
"401","554","ASP",111.023875,26.554,-4.11175,TRUE,TRUE
"402","555","ALA",115.1214,27.505,-4.8962,TRUE,TRUE
"403","557","TRP",116.7315,29.3370714285714,0.745285714285714,FALSE,TRUE
"404","558","LYS",118.509,23.744,0.0336666666666667,FALSE,FALSE
"405","559","VAL",115.580857142857,26.5475714285714,3.61357142857143,FALSE,TRUE
"406","560","ILE",111.96075,27.600375,1.2515,TRUE,TRUE
"407","561","ARG",113.331454545455,22.96,-1.74081818181818,TRUE,TRUE
"408","109","VAL",93.3858571428571,34.9468571428571,45.3617142857143,TRUE,TRUE
"409","562","ARG",114.104727272727,21.1364545454545,4.60218181818182,FALSE,TRUE
"410","563","ALA",109.4376,23.6772,4.3792,FALSE,TRUE
"411","564","VAL",107.212428571429,23.0627142857143,1.27114285714286,TRUE,FALSE
"412","565","GLU",108.581,18.9351111111111,1.17777777777778,FALSE,TRUE
"413","566","TYR",106.350583333333,20.3045833333333,7.96183333333333,TRUE,FALSE
"414","567","LEU",103.7485,22.355,4.997375,FALSE,FALSE
"415","568","LYS",103.659333333333,18.8328888888889,0.658111111111111,FALSE,FALSE
"416","569","ARG",105.582727272727,15.8767272727273,5.13827272727273,FALSE,FALSE
"417","570","GLU",101.810666666667,17.7348888888889,8.44622222222222,FALSE,TRUE
"418","571","GLN",97.6664444444444,18.6043333333333,3.54988888888889,FALSE,TRUE
"419","110","LEU",95.202625,31.153125,46.30975,TRUE,FALSE
"420","572","LYS",95.1932222222222,17.1755555555556,7.75844444444444,FALSE,TRUE
"421","573","PRO",92.9904285714286,14.4024285714286,4.70842857142857,FALSE,FALSE
"422","574","ASP",90.40175,17.767625,4.46675,FALSE,TRUE
"423","575","GLY",93.19375,20.0235,2.79575,FALSE,FALSE
"424","576","SER",93.3171666666667,20.9995,6.0325,FALSE,TRUE
"425","577","TRP",97.4115714285714,23.0512857142857,5.70421428571429,FALSE,FALSE
"426","578","PHE",96.5056363636364,22.0119090909091,13.6340909090909,FALSE,FALSE
"427","579","GLY",95.957,25.244,14.338,FALSE,FALSE
"428","580","ARG",99.605,25.2955454545455,18.5651818181818,TRUE,FALSE
"429","581","TRP",100.484428571429,28.7852857142857,19.0926428571429,FALSE,FALSE
"430","111","LEU",99.79625,34.098875,45.315875,FALSE,TRUE
"431","582","GLY",95.1245,29.4645,16.18425,FALSE,TRUE
"432","583","VAL",91.1662857142857,28.7962857142857,16.3428571428571,FALSE,TRUE
"433","584","ASN",92.051375,25.010375,14.271125,FALSE,FALSE
"434","585","TYR",91.7994166666667,22.7695,11.0603333333333,TRUE,FALSE
"435","586","LEU",89.865125,28.721875,9.163875,TRUE,TRUE
"436","587","TYR",95.6963333333333,30.60525,12.2358333333333,FALSE,FALSE
"437","588","GLY",96.20375,27.552,9.06875,FALSE,FALSE
"438","589","THR",94.5788571428571,27.0835714285714,5.78442857142857,FALSE,FALSE
"439","590","GLY",95.708,30.80525,5.70375,FALSE,FALSE
"440","591","ALA",98.7412,30.8126,6.844,FALSE,TRUE
"441","112","CYS",97.8888333333333,36.8288333333333,47.905,FALSE,TRUE
"442","592","VAL",99.8924285714286,27.7777142857143,4.67871428571429,TRUE,TRUE
"443","593","VAL",97.7712857142857,29.4472857142857,1.33114285714286,TRUE,FALSE
"444","594","SER",99.6601666666667,33.0828333333333,2.25533333333333,FALSE,TRUE
"445","595","ALA",102.9408,31.477,2.1574,FALSE,FALSE
"446","596","LEU",102.549125,28.471625,-0.3255,FALSE,FALSE
"447","597","LYS",101.363555555556,33.6318888888889,-3.54277777777778,FALSE,FALSE
"448","598","ALA",105.0662,34.308,-1.054,FALSE,FALSE
"449","599","VAL",107.349142857143,31.2521428571429,-1.69685714285714,TRUE,TRUE
"450","600","GLY",106.4225,30.8595,-5.64475,FALSE,FALSE
"451","601","ILE",104.334625,28.055,-4.89575,FALSE,TRUE
"452","","HIS",96.7975,32.9548,51.8458,FALSE,TRUE
"453","604","ASP",101.59925,27.2835,-9.138375,FALSE,TRUE
"454","","THR",98.1667142857143,28.4905714285714,-6.67142857142857,FALSE,TRUE
"455","605","ARG",97.3404545454545,26.8908181818182,-11.0860909090909,FALSE,TRUE
"456","609","GLU",99.8502222222222,22.6125555555556,-7.38322222222222,FALSE,FALSE
"457","610","PRO",96.837,19.6932857142857,-6.87028571428571,FALSE,FALSE
"458","611","TYR",99.2265,21.1445,-2.58858333333333,FALSE,TRUE
"459","612","ILE",97.163375,24.642625,-3.329625,FALSE,TRUE
"460","613","GLN",93.2154444444444,24.4224444444444,-6.01633333333333,FALSE,TRUE
"461","614","LYS",92.2563333333333,19.4854444444444,-1.58366666666667,FALSE,FALSE
"462","615","ALA",92.4436,24.091,0.1606,FALSE,FALSE
"463","113","ILE",100.72275,31.946625,50.174125,TRUE,TRUE
"464","616","LEU",91.223375,27.127,-2.0585,TRUE,TRUE
"465","617","ASP",87.84775,23.671,-2.6885,FALSE,TRUE
"466","618","TRP",88.2589285714286,23.3327142857143,4.34364285714286,FALSE,FALSE
"467","619","VAL",87.7355714285714,27.4724285714286,2.44428571428571,FALSE,TRUE
"468","620","GLU",84.7186666666667,27.887,-1.28388888888889,FALSE,TRUE
"469","621","GLN",83.3843333333333,23.2071111111111,0.882555555555556,FALSE,TRUE
"470","622","HIS",83.7109,24.8371,5.6097,FALSE,TRUE
"471","623","GLN",81.1573333333333,30.6424444444444,3.34322222222222,FALSE,FALSE
"472","624","ASN",78.826125,30.629,7.432375,TRUE,TRUE
"473","625","PRO",75.0724285714286,31.6931428571429,5.93871428571429,FALSE,TRUE
"474","114","LEU",102.727625,35.9815,49.5155,FALSE,TRUE
"475","626","ASP",76.710125,35.095,7.320625,FALSE,TRUE
"476","627","GLY",79.4435,35.296,4.64625,FALSE,FALSE
"477","628","GLY",81.24825,33.92875,6.772,FALSE,TRUE
"478","629","TRP",84.5035,31.9585714285714,6.1565,FALSE,TRUE
"479","630","GLY",83.68975,29.73725,11.55425,FALSE,TRUE
"480","631","GLU",86.8444444444444,27.2385555555556,13.5825555555556,FALSE,TRUE
"481","632","ASP",84.0895,26.373125,18.250875,FALSE,TRUE
"482","633","CYS",87.3593333333333,25.9121666666667,20.268,FALSE,TRUE
"483","634","ARG",83.2855454545455,22.8244545454545,20.9348181818182,TRUE,FALSE
"484","635","SER",88.0038333333333,22.0198333333333,16.5343333333333,FALSE,FALSE
"485","116","ASP",100.55325,37.742,54.32725,FALSE,FALSE
"486","641","TYR",91.45675,22.4003333333333,18.86275,FALSE,FALSE
"487","642","GLU",88.2635555555556,18.0324444444444,21.8104444444444,FALSE,TRUE
"488","643","ASP",84.606125,17.173,17.357125,TRUE,FALSE
"489","645","PRO",86.3101428571429,16.0834285714286,14.312,FALSE,FALSE
"490","","ALA",82.8526,17.9062,13.2714,TRUE,TRUE
"491","","TYR",82.1571666666667,21.6431666666667,15.85475,FALSE,TRUE
"492","646","ALA",85.9912,21.5346,11.1702,TRUE,FALSE
"493","","GLY",85.01425,24.872,10.19375,FALSE,FALSE
"494","","LYS",81.1604444444445,23.5233333333333,12.6611111111111,FALSE,TRUE
"495","","GLY",80.909,28.19375,13.36275,FALSE,TRUE
"496","117","ARG",102.248727272727,40.8344545454545,50.0401818181818,FALSE,FALSE
"497","","ALA",80.347,31.4248,14.4478,FALSE,TRUE
"498","647","SER",80.817,34.1185,11.9748333333333,FALSE,TRUE
"499","648","THR",84.5692857142857,35.4462857142857,13.406,TRUE,TRUE
"500","649","PRO",85.7991428571429,38.9361428571429,12.5018571428571,FALSE,FALSE
"501","650","SER",89.2371666666667,36.752,12.6246666666667,TRUE,TRUE
"502","651","GLN",87.681,32.8662222222222,12.1513333333333,FALSE,TRUE
"503","652","THR",86.1735714285714,35.7892857142857,7.929,FALSE,TRUE
"504","653","ALA",89.9564,37.079,7.358,FALSE,FALSE
"505","654","TRP",92.3198571428571,33.9732857142857,10.2890714285714,FALSE,TRUE
"506","655","ALA",89.6636,32.589,4.7646,FALSE,FALSE
"507","119","VAL",95.4168571428571,40.4544285714286,51.1274285714286,FALSE,TRUE
"508","656","LEU",89.126875,36.387,2.79125,FALSE,FALSE
"509","657","MET",93.925125,35.838,3.89475,TRUE,TRUE
"510","658","ALA",93.1276,31.9254,1.2402,FALSE,TRUE
"511","659","LEU",90.246,32.723125,-1.198875,FALSE,FALSE
"512","660","ILE",93.147875,36.925125,-1.795625,FALSE,FALSE
"513","661","ALA",96.3394,33.8232,-2.409,FALSE,TRUE
"514","662","GLY",94.556,31.71275,-4.757,TRUE,FALSE
"515","663","GLY",93.095,33.71175,-6.96675,FALSE,FALSE
"516","","ARG",89.5868181818182,30.8359090909091,-5.49145454545455,FALSE,TRUE
"517","","ALA",89.1062,37.4164,-5.4492,FALSE,FALSE
"518","120","ASP",94.0375,44.64625,48.51925,TRUE,FALSE
"519","","GLU",86.9912222222222,38.0287777777778,-8.92411111111111,TRUE,FALSE
"520","","SER",84.8431666666667,34.341,-5.956,FALSE,TRUE
"521","665","GLU",80.3731111111111,35.0044444444444,-5.17744444444445,FALSE,FALSE
"522","669","ALA",83.0452,33.5878,-1.71,FALSE,TRUE
"523","670","ALA",84.918,36.6038,-1.6854,FALSE,TRUE
"524","671","ARG",82.1268181818182,39.2251818181818,-4.21981818181818,FALSE,TRUE
"525","672","ARG",79.2043636363636,35.4609090909091,0.342181818181818,FALSE,TRUE
"526","673","GLY",83.02875,38.25775,2.88375,FALSE,TRUE
"527","674","VAL",83.9422857142857,41.635,1.84342857142857,TRUE,TRUE
"528","675","GLN",79.3037777777778,42.6191111111111,1.96988888888889,TRUE,TRUE
"529","121","ARG",89.4720909090909,42.2471818181818,51.1683636363636,FALSE,TRUE
"530","676","TYR",80.4625,39.17175,8.037,FALSE,TRUE
"531","677","LEU",83.821875,42.259375,7.134375,FALSE,TRUE
"532","678","VAL",81.0362857142857,45.8792857142857,5.23885714285714,TRUE,TRUE
"533","679","GLU",77.1518888888889,43.7724444444444,6.52566666666667,FALSE,FALSE
"534","680","THR",79.6845714285714,43.1931428571429,10.8454285714286,TRUE,TRUE
"535","681","GLN",82.3026666666667,48.0067777777778,10.3093333333333,FALSE,TRUE
"536","682","ARG",82.298,48.6979090909091,15.8550909090909,FALSE,FALSE
"537","683","PRO",80.137,52.8151428571429,13.7122857142857,FALSE,TRUE
"538","684","ASP",84.021375,52.709375,15.7715,FALSE,TRUE
"539","685","GLY",85.665,50.708,12.79275,FALSE,FALSE
"540","122","ASP",89.922,47.1645,46.840125,TRUE,FALSE
"541","686","GLY",85.20675,48.1395,14.322,TRUE,TRUE
"542","687","TRP",85.2542857142857,44.8783571428571,12.4514285714286,FALSE,TRUE
"543","689","ASP",82.3555,43.24875,17.861625,TRUE,TRUE
"544","690","GLU",85.559,38.515,18.2295555555556,FALSE,FALSE
"545","","PRO",82.0327142857143,37.0772857142857,21.1417142857143,FALSE,FALSE
"546","","TYR",82.6005,33.64175,20.0088333333333,FALSE,TRUE
"547","","TYR",88.3471666666667,33.22925,23.45375,FALSE,TRUE
"548","","THR",90.438,33.2958571428571,17.6672857142857,FALSE,TRUE
"549","","GLY",92.896,31.483,20.492,FALSE,FALSE
"550","","THR",95.406,28.5525714285714,20.7277142857143,TRUE,TRUE
"551","123","ARG",93.2208181818182,43.9020909090909,43.5728181818182,TRUE,FALSE
"552","691","GLY",97.63275,27.705,23.66375,FALSE,FALSE
"553","692","PHE",98.3691818181818,24.9519090909091,25.9487272727273,TRUE,TRUE
"554","693","PRO",95.797,22.2878571428571,22.0561428571429,TRUE,FALSE
"555","694","GLY",92.11875,21.69275,24.7255,FALSE,FALSE
"556","695","ASP",93.747625,22.113125,27.80175,FALSE,TRUE
"557","696","PHE",94.838,28.0463636363636,28.0993636363636,FALSE,FALSE
"558","697","TYR",91.36075,27.3935,24.1981666666667,FALSE,FALSE
"559","698","LEU",93.99925,32.903875,24.125,TRUE,TRUE
"560","699","GLY",91.94725,36.58625,23.565,TRUE,TRUE
"561","704","TYR",95.2489166666667,36.9418333333333,20.7145,FALSE,FALSE
"562","124","MET",90.2375,40.52725,46.595625,FALSE,TRUE
"563","705","THR",91.5647142857143,42.1867142857143,21.9465714285714,TRUE,TRUE
"564","706","MET",93.6055,43.833375,18.768,TRUE,TRUE
"565","707","TYR",93.9576666666667,38.3254166666667,16.4186666666667,FALSE,FALSE
"566","708","ARG",88.1402727272727,41.7737272727273,17.7797272727273,FALSE,TRUE
"567","709","HIS",89.9491,45.3907,15.5859,FALSE,TRUE
"568","710","VAL",94.3471428571429,43.6291428571429,12.6974285714286,FALSE,TRUE
"569","711","PHE",93.8749090909091,39.4279090909091,11.1797272727273,FALSE,TRUE
"570","712","PRO",89.8904285714286,42.5067142857143,9.25,FALSE,FALSE
"571","713","THR",92.4517142857143,45.8311428571429,8.09242857142857,FALSE,TRUE
"572","714","LEU",95.52625,42.3165,6.419875,FALSE,TRUE
"573","125","GLU",85.2486666666667,43.2564444444444,46.0553333333333,TRUE,FALSE
"574","715","ALA",92.0712,41.32,4.4228,FALSE,FALSE
"575","716","LEU",89.68575,44.441,3.590375,FALSE,FALSE
"576","717","GLY",93.6615,45.37725,1.64625,FALSE,FALSE
"577","718","ARG",96.4893636363636,40.8313636363636,1.52927272727273,FALSE,FALSE
"578","719","TYR",89.2064166666667,42.4434166666667,-2.329,FALSE,TRUE
"579","","LYS",92.5526666666667,47.9626666666667,-2.51377777777778,TRUE,FALSE
"580","721","GLN",96.4604444444444,45.7672222222222,-2.99622222222222,TRUE,TRUE
"581","722","ALA",93.439,42.527,-6.0362,TRUE,TRUE
"582","728","ILE",91.5695,45.237,-8.097,TRUE,TRUE
"583","126","LYS",87.81,45.071,41.2074444444444,FALSE,TRUE
"584","127","ILE",88.796,39.5565,41.817375,FALSE,TRUE
"585","128","ARG",82.9933636363636,39.6940909090909,44.3057272727273,TRUE,TRUE
"586","129","ARG",83.0372727272727,43.5603636363636,41.4363636363636,FALSE,TRUE
"587","130","TYR",86.5400833333333,38.3569166666667,36.2669166666667,FALSE,FALSE
"588","131","LEU",85.049125,35.495375,39.38825,FALSE,FALSE
"589","132","LEU",80.297625,36.503,39.77175,TRUE,TRUE
"590","133","HIS",80.796,39.4369,34.1887,FALSE,TRUE
"591","134","GLU",83.0583333333333,35.6275555555556,33.3965555555556,TRUE,TRUE
"592","135","GLN",79.2007777777778,32.1755555555556,37.0955555555556,FALSE,TRUE
"593","136","ARG",78.6068181818182,29.6808181818182,32.2019090909091,FALSE,TRUE
"594","137","GLU",72.3851111111111,31.0647777777778,33.553,FALSE,TRUE
"595","138","ASP",75.39825,26.716625,34.563625,FALSE,FALSE
"596","139","GLY",77.53125,27.8665,37.61825,FALSE,FALSE
"597","140","THR",79.6847142857143,26.964,35.246,FALSE,FALSE
"598","141","TRP",83.1460714285714,29.6063571428571,36.4560714285714,FALSE,FALSE
"599","142","ALA",84.8416,28.075,30.7382,FALSE,TRUE
"600","143","LEU",88.4745,27.011625,28.998,FALSE,FALSE
"601","144","TYR",85.6655833333333,27.6375,25.1061666666667,FALSE,FALSE
"602","145","PRO",83.6048571428571,31.9337142857143,25.1328571428571,FALSE,FALSE
"603","","GLY",80.485,28.771,25.03775,FALSE,FALSE
"604","147","GLY",81.62375,26.484,26.58925,FALSE,TRUE
"605","148","PRO",82.1111428571429,23.3641428571429,27.7851428571429,FALSE,FALSE
"606","149","PRO",81.2905714285714,22.8894285714286,31.632,FALSE,TRUE
"607","150","ASP",86.209375,23.28575,33.17975,TRUE,TRUE
"608","151","LEU",85.920875,20.5435,37.1505,FALSE,TRUE
"609","152","ASP",89.760875,22.052375,36.690875,TRUE,TRUE
"610","153","THR",87.9772857142857,26.4898571428571,35.9195714285714,FALSE,TRUE
"611","154","THR",84.5257142857143,25.6818571428571,38.4777142857143,FALSE,FALSE
"612","155","ILE",87.2755,23.588375,41.511625,FALSE,TRUE
"613","156","GLU",90.679,27.0442222222222,40.7816666666667,FALSE,FALSE
"614","157","ALA",86.4518,29.8464,41.396,TRUE,TRUE
"615","158","TYR",83.4718333333333,27.0805833333333,45.4788333333333,FALSE,TRUE
"616","159","VAL",88.2358571428571,28.246,46.3448571428571,FALSE,TRUE
"617","160","ALA",88.2518,32.1838,45.5884,FALSE,FALSE
"618","161","LEU",84.384,33.1965,45.278125,FALSE,FALSE
"619","162","LYS",84.4942222222222,29.8043333333333,50.5261111111111,FALSE,TRUE
